cliente_id,nome,sexo,idade,cidade,estado,tipo_cliente
1,Milena Gomes,F,42,Sales de Fogaça,RJ,Consumidor Final
2,Murilo Jesus,M,68,Cardoso,PI,Concessionária
3,Dra. Clara Mendes,M,50,da Luz da Prata,RS,Consumidor Final
4,Lavínia Duarte,F,21,Monteiro,DF,Oficina
5,Clarice Gomes,M,71,Nogueira,RS,Oficina
6,Nathan Teixeira,F,67,Lopes,RR,Oficina
7,Giovanna Cardoso,F,68,Dias de Moraes,TO,Concessionária
8,Sra. Lara Lima,F,32,Lopes,SP,Oficina
9,Dr. Benício Monteiro,F,45,da Conceição Paulista,MS,Oficina
10,Srta. Pietra Ribeiro,F,23,das Neves das Flores,MA,Consumidor Final
11,Alice Caldeira,F,69,Cardoso,PB,Oficina
12,Benjamin Barros,M,23,Viana,SP,Oficina
13,Igor Pires,F,63,Carvalho,SE,Consumidor Final
14,Dra. Helena Monteiro,M,65,Peixoto de Santos,PR,Oficina
15,Srta. Clarice da Conceição,F,24,Dias do Oeste,AC,Oficina
16,Gabriel Teixeira,F,46,Silva de Moura,PB,Oficina
17,Srta. Esther Cardoso,F,24,Rocha,RN,Oficina
18,Ana Júlia Caldeira,M,45,Azevedo,PI,Oficina
19,Sr. Eduardo Nascimento,F,24,Campos do Norte,RO,Oficina
20,Emanuella Rocha,F,53,das Neves,TO,Oficina
21,Maria Eduarda Jesus,F,73,Aragão Verde,RJ,Oficina
22,Yuri Gonçalves,F,44,Fogaça da Praia,CE,Oficina
23,Dr. Theo da Conceição,M,64,da Luz do Galho,AL,Concessionária
24,João Lucas Cardoso,M,54,da Costa,PA,Consumidor Final
25,Dr. Erick da Rocha,F,28,Moraes,PE,Oficina
26,Pedro Lucas Freitas,F,35,Pinto de Minas,SP,Oficina
27,Leonardo Rocha,M,28,da Luz,DF,Oficina
28,Ian Pires,F,37,Moreira do Amparo,RR,Oficina
29,Maria Luiza Caldeira,M,41,Novaes,ES,Oficina
30,Leonardo Rocha,M,64,Almeida da Mata,MG,Consumidor Final
31,Dra. Sophie Porto,M,47,Dias do Sul,PE,Oficina
32,Mirella Melo,F,18,Vieira de da Luz,TO,Concessionária
33,Cauã Ribeiro,F,71,Jesus Paulista,AL,Consumidor Final
34,Sr. Kaique Nogueira,F,46,da Rosa do Norte,DF,Oficina
35,Bárbara Duarte,M,37,Fogaça,PA,Oficina
36,Dra. Giovanna Duarte,M,48,Fernandes do Oeste,RJ,Oficina
37,Gabriel Rocha,F,38,Melo do Sul,PE,Oficina
38,Maria Castro,F,54,Araújo,SE,Consumidor Final
39,Lorena Aragão,F,42,Rodrigues de Cavalcanti,AP,Oficina
40,Otávio Ribeiro,F,41,Castro de Goiás,PI,Oficina
41,Júlia Oliveira,M,55,da Luz Alegre,PB,Concessionária
42,Kaique Carvalho,M,61,Ribeiro,RJ,Consumidor Final
43,Maria Eduarda Porto,M,64,Nunes,RS,Oficina
44,Clara da Conceição,M,46,da Cunha,CE,Consumidor Final
45,Carlos Eduardo da Paz,M,70,Araújo,AL,Consumidor Final
46,Julia Moreira,F,61,Moraes,MS,Oficina
47,Maria Vitória Silveira,F,33,da Mota da Praia,DF,Oficina
48,Francisco Cavalcanti,M,63,Rocha do Sul,PR,Oficina
49,Esther Nascimento,F,22,Barbosa,AP,Oficina
50,Isaac Jesus,F,55,Porto de Goiás,MS,Oficina
51,Dr. Anthony das Neves,F,52,Moraes Grande,GO,Oficina
52,Laura Cardoso,F,62,Monteiro de Minas,AP,Consumidor Final
53,Lívia Pires,M,24,Souza Alegre,AC,Consumidor Final
54,Igor Vieira,F,28,Rezende de Rezende,SC,Consumidor Final
55,Stella Viana,M,54,da Paz de Teixeira,DF,Concessionária
56,Murilo da Cunha,F,66,da Rocha da Serra,PI,Oficina
57,Theo Silveira,F,24,Rezende,MS,Oficina
58,Emanuelly da Mota,F,32,Pires do Norte,AP,Consumidor Final
59,Alana Santos,M,46,Rocha,AC,Oficina
60,Sr. Vinicius Jesus,F,67,Monteiro da Praia,MA,Consumidor Final
61,Benjamin Gonçalves,M,40,Almeida do Norte,AC,Concessionária
62,Beatriz Freitas,F,24,Dias,RS,Oficina
63,Bernardo Farias,M,25,Ferreira,GO,Consumidor Final
64,Juan Ramos,M,40,Teixeira,AL,Oficina
65,Bernardo Pires,F,68,Fogaça,RN,Oficina
66,Marina Vieira,F,40,Cavalcanti das Pedras,SE,Oficina
67,Eduardo Monteiro,F,64,da Luz,GO,Consumidor Final
68,Giovanna Cardoso,F,22,da Paz Verde,TO,Oficina
69,Diego da Paz,M,19,Pinto,TO,Consumidor Final
70,João Pedro Oliveira,M,61,Pinto dos Dourados,RR,Consumidor Final
71,Renan Cardoso,M,51,Costa,MT,Oficina
72,Davi Lucca Azevedo,M,39,Barbosa,BA,Consumidor Final
73,Pietro Vieira,F,32,Farias,CE,Consumidor Final
74,Ana Laura Rocha,M,29,Moraes,RJ,Consumidor Final
75,Sra. Maria Sophia Cardoso,F,43,Santos,BA,Oficina
76,Maria Fernanda Lima,M,46,Nascimento Paulista,PR,Consumidor Final
77,Luna Viana,F,18,Moura do Campo,PR,Consumidor Final
78,Fernanda Almeida,M,35,Barbosa do Amparo,GO,Consumidor Final
79,Vitória Fernandes,M,54,Melo,PB,Oficina
80,João Guilherme da Conceição,M,41,Mendes,PB,Oficina
81,Sr. João Gonçalves,F,25,da Mota da Mata,MA,Oficina
82,Sra. Juliana da Rocha,F,51,Barbosa das Flores,RN,Concessionária
83,Leandro Souza,F,56,Peixoto,AL,Oficina
84,Felipe Ferreira,F,55,Souza do Galho,BA,Oficina
85,Sra. Brenda Freitas,F,72,Oliveira Grande,GO,Oficina
86,Ana Sophia Gonçalves,M,70,Moraes Verde,DF,Consumidor Final
87,Sr. Francisco da Luz,F,57,Almeida,RO,Consumidor Final
88,Yago Pires,M,38,Almeida de Freitas,MG,Oficina
89,Emanuel Ribeiro,F,25,Pires,GO,Oficina
90,Julia Barbosa,M,50,Dias de Minas,ES,Oficina
91,Sra. Elisa Ribeiro,M,54,Aragão,ES,Oficina
92,Maria Duarte,M,49,Rezende,TO,Consumidor Final
93,Bianca da Paz,M,53,Azevedo,PE,Oficina
94,Ian Ribeiro,F,26,Martins dos Dourados,RR,Oficina
95,João Miguel Teixeira,F,57,da Rosa,SP,Oficina
96,Ana Silva,F,18,Caldeira de da Mota,SC,Oficina
97,Luiz Gustavo da Luz,M,70,Cardoso das Flores,SC,Oficina
98,Olivia Viana,F,44,da Mata,CE,Consumidor Final
99,Cauê Correia,F,63,Mendes,ES,Consumidor Final
100,Sabrina Costela,F,28,da Luz,RJ,Oficina
101,Sr. Luiz Fernando Pinto,M,68,da Mota de Cardoso,CE,Consumidor Final
102,Sra. Mariane Viana,F,20,Cardoso dos Dourados,RR,Oficina
103,Sabrina Costa,F,28,Aragão,MS,Consumidor Final
104,Nicole Oliveira,F,53,Santos,PB,Consumidor Final
105,Paulo Lima,M,35,Costela,AL,Consumidor Final
106,Maria Fernanda Lima,F,52,Melo,SE,Consumidor Final
107,Gabriela Correia,M,66,Peixoto dos Dourados,MS,Consumidor Final
108,Gustavo Fogaça,M,45,Lima de Lima,BA,Oficina
109,Luna da Mota,M,37,Novaes,SC,Consumidor Final
110,Dr. Noah Porto,M,46,Rodrigues,RN,Oficina
111,Isabella Cardoso,M,46,Ribeiro das Flores,MA,Consumidor Final
112,Juliana Correia,M,67,Almeida de Minas,CE,Consumidor Final
113,Dr. Davi Lucca Caldeira,M,69,Gomes de da Costa,PI,Consumidor Final
114,Laura Rezende,F,73,Moura,PI,Consumidor Final
115,Melissa Alves,F,28,Ribeiro,RO,Consumidor Final
116,Guilherme Moura,M,70,Cardoso,PA,Oficina
117,Fernando Nunes,M,54,da Cunha,PE,Oficina
118,Sr. Pedro Miguel da Rosa,F,56,Ferreira de Barbosa,TO,Consumidor Final
119,Srta. Camila Fogaça,F,63,Fernandes do Norte,RR,Oficina
120,Elisa Martins,F,72,da Mata,AL,Consumidor Final
121,Davi Lucas Almeida,M,26,da Cunha Alegre,CE,Concessionária
122,Samuel Castro,F,21,Rodrigues do Sul,MT,Concessionária
123,Júlia Campos,M,62,Duarte,TO,Consumidor Final
124,Cauã Silveira,M,27,Barros,MA,Consumidor Final
125,Clara Farias,M,66,Pinto de Goiás,MG,Consumidor Final
126,Lorenzo Pereira,F,49,Costela de da Mota,TO,Oficina
127,Emanuel Cardoso,F,58,Fogaça de Goiás,RR,Oficina
128,Isabelly Gonçalves,F,22,Araújo de Pinto,SE,Consumidor Final
129,Pietro Moura,M,43,Dias,GO,Consumidor Final
130,Maitê Gonçalves,F,62,Pinto de Peixoto,MG,Concessionária
131,Luiz Felipe Mendes,F,47,Ferreira,CE,Concessionária
132,André Pinto,F,55,Duarte do Oeste,MS,Oficina
133,Thomas Farias,M,64,Ribeiro,MS,Concessionária
134,Maria Cecília Novaes,F,72,Freitas,RJ,Oficina
135,Ana Beatriz Mendes,F,31,Rodrigues,ES,Concessionária
136,Bryan Cardoso,M,49,Aragão,RJ,Oficina
137,Nina das Neves,F,39,Moura da Mata,AP,Consumidor Final
138,Lorena Lima,M,54,da Conceição,ES,Consumidor Final
139,Sr. Vitor Nogueira,F,75,Barbosa Alegre,RO,Consumidor Final
140,Ana Carolina Novaes,M,20,Cavalcanti do Sul,GO,Oficina
141,Luana Caldeira,F,19,Mendes,RR,Oficina
142,Benjamin Novaes,M,46,Carvalho Grande,AL,Oficina
143,Larissa Aragão,F,30,Ramos,MT,Concessionária
144,Marcelo Viana,M,74,Cardoso,AM,Consumidor Final
145,Juan Correia,M,73,Pereira,AL,Concessionária
146,Srta. Camila Caldeira,F,23,da Mata,SC,Consumidor Final
147,Enzo Gabriel Silva,F,23,Cunha de Fernandes,BA,Oficina
148,Yago Freitas,M,21,Gonçalves,PB,Oficina
149,Stephany Rodrigues,F,64,Correia de Pereira,AC,Consumidor Final
150,Vitor Gabriel Monteiro,M,45,Ramos de Nogueira,PE,Consumidor Final
151,Anthony Duarte,M,18,Oliveira da Prata,RN,Oficina
152,Juan Cunha,M,26,Nogueira do Norte,RN,Consumidor Final
153,Bianca Rezende,F,18,Rezende,SC,Oficina
154,Antônio Cardoso,F,70,Alves das Pedras,AC,Oficina
155,André Cunha,F,62,da Rocha das Flores,PA,Oficina
156,Erick da Luz,M,32,das Neves de Moreira,RS,Oficina
157,Beatriz Rodrigues,M,24,Fernandes,PE,Oficina
158,Pietra Barros,F,26,Farias,MS,Oficina
159,Diego Almeida,M,59,da Mata,RO,Concessionária
160,Sofia das Neves,M,22,da Rocha de da Luz,GO,Consumidor Final
161,Maria Luiza das Neves,M,57,Carvalho,AC,Consumidor Final
162,Emilly Sales,F,40,Jesus Paulista,GO,Consumidor Final
163,Dr. Marcelo Freitas,M,44,Fogaça do Galho,RR,Consumidor Final
164,Pedro Miguel Moura,F,73,Cardoso do Campo,RS,Oficina
165,Anthony Farias,M,26,da Rocha,AM,Consumidor Final
166,Nicole Souza,F,40,Fogaça da Serra,RN,Concessionária
167,Lara Rezende,F,68,Fernandes,RO,Oficina
168,Nathan Freitas,F,59,Pires,ES,Oficina
169,Esther Costa,F,67,Freitas Verde,MG,Concessionária
170,Fernanda Teixeira,M,72,Campos,MT,Consumidor Final
171,André Barros,F,31,Moraes,TO,Consumidor Final
172,Pedro Novaes,M,65,Santos da Prata,PE,Oficina
173,Isabel Mendes,M,68,Cardoso de Pires,RR,Consumidor Final
174,Julia Nascimento,M,49,Duarte de Monteiro,SP,Oficina
175,Maria Vitória Azevedo,M,49,Barbosa,GO,Consumidor Final
176,João Guilherme Gomes,M,51,Freitas de Minas,RS,Consumidor Final
177,Ana Carolina Porto,M,41,Azevedo,SE,Concessionária
178,Luiz Felipe Pires,M,42,Alves do Amparo,CE,Consumidor Final
179,Alexandre Santos,F,41,Lima,SP,Consumidor Final
180,Gustavo Henrique Costela,M,66,Alves,AM,Oficina
181,Joaquim Mendes,M,19,Jesus,PR,Consumidor Final
182,Dra. Sofia Araújo,M,34,da Mota,RS,Oficina
183,Camila Vieira,M,68,Lopes,RN,Oficina
184,Lucas Ramos,F,58,Nascimento de Goiás,MG,Consumidor Final
185,Brenda da Rocha,F,45,Viana,PB,Consumidor Final
186,Ana Beatriz Martins,M,58,Silveira dos Dourados,RJ,Consumidor Final
187,Ana Oliveira,M,35,Araújo de Ramos,PB,Oficina
188,Agatha Moreira,M,50,Gonçalves,CE,Concessionária
189,Dr. Leandro Rocha,M,52,Silveira,PE,Oficina
190,Igor Sales,M,37,Silveira de da Mota,PI,Consumidor Final
191,Levi da Costa,M,21,Rocha,DF,Oficina
192,Theo Mendes,F,25,Barros de Moura,MG,Oficina
193,Srta. Esther da Paz,M,37,Ferreira de da Mota,PE,Consumidor Final
194,Fernando Santos,M,25,Ramos,DF,Oficina
195,Emanuel Gonçalves,M,62,Silveira,SE,Oficina
196,Maria Julia da Paz,F,40,Souza do Sul,GO,Consumidor Final
197,Srta. Maria Clara Cavalcanti,F,28,da Cunha da Prata,TO,Oficina
198,Esther Rodrigues,F,64,da Mota,CE,Consumidor Final
199,Dr. Emanuel Ferreira,M,39,Ribeiro,PB,Consumidor Final
200,Nina Souza,F,51,Pereira,PI,Oficina
201,Maria Fernanda Ribeiro,M,49,Moraes das Pedras,PA,Oficina
202,Maria Clara Porto,F,21,Cavalcanti da Praia,RN,Oficina
203,Cauã Campos,M,41,Costela do Sul,AM,Oficina
204,Maria Dias,M,75,Gomes da Serra,AM,Consumidor Final
205,Pedro Lucas Castro,M,32,Mendes de Cardoso,PB,Consumidor Final
206,Julia Nunes,M,20,Duarte,BA,Consumidor Final
207,Elisa Vieira,M,33,Pires de Moura,RR,Oficina
208,Srta. Stella Souza,F,42,Freitas,MS,Concessionária
209,Stella das Neves,M,72,Teixeira,BA,Oficina
210,Rebeca Azevedo,F,32,Caldeira,SE,Oficina
211,Ana Laura Nunes,F,64,Peixoto,PA,Oficina
212,Alícia Dias,M,54,Freitas de Rezende,PB,Oficina
213,Ryan Oliveira,M,29,da Paz Grande,RJ,Oficina
214,Ana Beatriz Nogueira,M,43,Moraes,MS,Oficina
215,Stephany Novaes,F,73,Nunes do Campo,RN,Oficina
216,Laura Lopes,F,38,Fernandes dos Dourados,RR,Oficina
217,Pietra da Cruz,F,18,Nunes,MS,Oficina
218,Giovanna Silva,F,54,da Conceição Grande,ES,Consumidor Final
219,Joaquim Silva,M,47,Rezende,SE,Oficina
220,Laís Campos,F,67,Santos da Serra,MS,Consumidor Final
221,Davi Lucas Silva,M,27,Teixeira Paulista,PA,Oficina
222,Luiz Gustavo Fernandes,F,19,Freitas do Norte,AM,Oficina
223,Ana Vitória Moraes,F,58,Costela da Prata,PB,Consumidor Final
224,Thales da Luz,M,39,Azevedo da Serra,PA,Oficina
225,Sophie Lopes,F,72,Moraes de Goiás,RS,Consumidor Final
226,João Vitor Barbosa,F,24,Nunes,MG,Oficina
227,Luigi Freitas,M,44,Correia Verde,AP,Oficina
228,Juan da Mata,M,27,Costela,MT,Consumidor Final
229,Clarice Azevedo,M,20,Moreira do Norte,RN,Concessionária
230,Sra. Gabrielly Pires,F,62,Alves,SC,Consumidor Final
231,Ana Beatriz Souza,F,65,Moura,RJ,Oficina
232,Camila da Rocha,M,50,da Costa Grande,SC,Oficina
233,João Pedro Teixeira,F,22,Santos,ES,Consumidor Final
234,João Miguel Mendes,M,45,Vieira das Pedras,BA,Consumidor Final
235,Fernando Freitas,M,33,Cardoso,AL,Oficina
236,Luana Teixeira,F,69,Silva,RN,Oficina
237,Felipe Moreira,F,38,Cardoso,SP,Oficina
238,Levi Moraes,M,22,Nascimento,SE,Concessionária
239,Dr. João Vitor da Cunha,M,67,da Cruz do Amparo,BA,Consumidor Final
240,Dr. João Guilherme Porto,M,27,Viana,BA,Oficina
241,Vitor Hugo da Conceição,F,47,Moreira de Araújo,RN,Oficina
242,Isabel da Cruz,M,52,Barros de Cardoso,RN,Oficina
243,Francisco da Conceição,M,46,Dias,TO,Oficina
244,Isaac Azevedo,F,72,Fernandes do Galho,MA,Oficina
245,Gabrielly Freitas,M,69,Almeida da Praia,RS,Consumidor Final
246,Gabriel Nascimento,M,31,Dias de Minas,PB,Consumidor Final
247,Gabriel Santos,F,27,Cavalcanti Alegre,SC,Oficina
248,Ian Ramos,M,40,Farias,PB,Oficina
249,Isabelly Ferreira,M,61,Carvalho da Praia,BA,Oficina
250,Alexandre Teixeira,M,19,Ribeiro de Goiás,RR,Concessionária
251,Dra. Rafaela Rocha,F,53,Cunha,CE,Consumidor Final
252,Nina Rezende,M,24,Novaes dos Dourados,RO,Oficina
253,Dra. Agatha Caldeira,M,25,Caldeira dos Dourados,ES,Oficina
254,João Pedro da Rosa,M,26,Cardoso,PI,Oficina
255,Isabella Nunes,F,41,Cardoso,RN,Consumidor Final
256,Kamilly Dias,M,55,Souza,RR,Consumidor Final
257,Nathan Ribeiro,M,19,Jesus,MS,Concessionária
258,Arthur Porto,M,75,Cardoso das Flores,DF,Consumidor Final
259,Sabrina Martins,M,23,Correia,PA,Concessionária
260,Sofia Nogueira,F,25,Carvalho,PA,Oficina
261,Agatha Barros,F,21,Silva,PE,Oficina
262,Sra. Rafaela Aragão,F,70,Lima,MT,Consumidor Final
263,Luiz Otávio Pereira,F,19,Ramos,RS,Oficina
264,Enzo da Rocha,F,29,Costela,RJ,Oficina
265,Sr. Rafael Costa,M,35,Moraes do Campo,MT,Oficina
266,Enzo Gabriel Jesus,M,20,Campos,PE,Consumidor Final
267,Maria Vitória Correia,M,59,Correia do Oeste,MA,Oficina
268,Calebe Castro,F,74,Cardoso de Silveira,SP,Consumidor Final
269,Maysa Costela,M,23,Freitas Verde,PR,Oficina
270,Srta. Maria Ferreira,M,44,Araújo Verde,RR,Oficina
271,Sr. Fernando Barros,M,58,Ramos de Lima,PI,Concessionária
272,Alexia Melo,M,42,da Luz dos Dourados,PB,Consumidor Final
273,Alice Azevedo,F,48,Silva de Ferreira,MT,Consumidor Final
274,João Lucas Novaes,F,40,Moreira de Fogaça,MS,Concessionária
275,Ana Lívia Cardoso,F,42,Farias do Campo,RR,Oficina
276,Maysa Pires,M,38,da Rocha da Serra,CE,Consumidor Final
277,Heitor Pereira,M,75,Gonçalves,RN,Consumidor Final
278,Nathan Cunha,F,21,Gonçalves de Goiás,AL,Consumidor Final
279,Renan Pires,F,51,da Conceição de Campos,RN,Oficina
280,Danilo Nascimento,M,28,Nogueira do Campo,PA,Oficina
281,Alexandre Moura,M,35,Barros da Prata,RO,Consumidor Final
282,Stephany Caldeira,M,66,Aragão,CE,Concessionária
283,Sr. Raul Novaes,M,54,Novaes,PB,Consumidor Final
284,Nicole Teixeira,F,40,Silveira Paulista,PR,Concessionária
285,Kamilly da Luz,M,29,Ferreira,AL,Oficina
286,Maria Cecília Martins,F,69,da Cunha da Praia,AM,Consumidor Final
287,Luigi Souza,F,55,da Mota de Fogaça,ES,Oficina
288,Dra. Helena Araújo,F,54,Rezende do Sul,MA,Consumidor Final
289,Sra. Giovanna Farias,M,71,da Paz de Almeida,AC,Concessionária
290,Caroline Ribeiro,F,52,Jesus de Freitas,RJ,Oficina
291,Benjamin Gomes,F,20,Cardoso de da Mota,RO,Oficina
292,Matheus Nunes,M,56,Santos de da Conceição,MG,Oficina
293,Carlos Eduardo Lopes,F,18,Ribeiro de Fogaça,SP,Oficina
294,Dr. Luiz Fernando Aragão,M,69,Mendes,MG,Oficina
295,Milena Nogueira,M,69,Cardoso Alegre,AC,Consumidor Final
296,Nicole Caldeira,F,21,da Luz da Mata,TO,Oficina
297,Davi Luiz Monteiro,M,67,Carvalho,PI,Oficina
298,Stephany Melo,F,22,da Paz do Amparo,AC,Oficina
299,Sr. Breno Novaes,F,55,Barros de Costa,BA,Oficina
300,Levi Alves,F,38,Silva,CE,Oficina
301,Nicolas Nunes,M,64,Martins de Minas,AM,Concessionária
302,Emilly Cardoso,F,59,Barros de Moura,MA,Oficina
303,Ana Beatriz Pires,F,32,da Conceição das Pedras,AM,Consumidor Final
304,Bárbara Costela,M,42,da Rosa,CE,Oficina
305,Matheus Duarte,F,26,Moraes,CE,Oficina
306,Dra. Ana Julia da Rosa,M,62,da Rosa de Duarte,GO,Concessionária
307,Ana Júlia Freitas,F,72,da Rocha,PR,Concessionária
308,Bianca Jesus,M,29,Teixeira de Souza,PA,Consumidor Final
309,Yasmin Dias,M,58,Correia dos Dourados,SP,Consumidor Final
310,Vitor Gabriel Peixoto,F,27,Silveira,AC,Oficina
311,Sofia Rodrigues,M,33,Jesus,PA,Oficina
312,Sr. João Miguel Freitas,F,28,Nogueira do Oeste,SC,Consumidor Final
313,Maria Vitória Vieira,M,70,Ribeiro,PB,Consumidor Final
314,Maria Fernanda Azevedo,F,46,Lopes,PI,Oficina
315,Erick Carvalho,M,33,Sales Paulista,RO,Consumidor Final
316,Beatriz Lima,F,34,Lima das Flores,BA,Consumidor Final
317,Bárbara Cavalcanti,M,21,Farias,MA,Oficina
318,Melissa Pinto,F,28,da Luz,RJ,Consumidor Final
319,Felipe Silva,F,74,Ferreira,AM,Oficina
320,Olivia Moraes,F,24,Nogueira,RN,Consumidor Final
321,Luiz Miguel Fogaça,M,28,Oliveira de Teixeira,SP,Oficina
322,Srta. Evelyn Duarte,M,36,da Mata,RR,Oficina
323,Alexia Lima,F,24,Fernandes de Mendes,MG,Oficina
324,Igor Pereira,M,74,da Mota do Amparo,DF,Oficina
325,Henrique Viana,M,53,da Cunha,RJ,Concessionária
326,Daniela Gomes,M,39,Correia de da Luz,PI,Consumidor Final
327,Sarah Vieira,F,63,Melo do Oeste,BA,Oficina
328,Levi Correia,M,56,Costa,AL,Consumidor Final
329,Alana Ribeiro,M,21,Farias do Galho,MS,Oficina
330,Ian Barros,M,30,Martins das Pedras,MS,Oficina
331,Enrico Novaes,F,60,Fogaça,BA,Oficina
332,Bianca Nunes,M,24,Melo,PR,Oficina
333,Dr. Davi Lucas Ribeiro,F,27,Ribeiro,MA,Oficina
334,Ana Júlia Duarte,M,45,Santos,AP,Oficina
335,Rodrigo da Rocha,F,30,Aragão de Fernandes,PI,Oficina
336,Bryan da Mata,M,28,Vieira do Amparo,MS,Consumidor Final
337,João Felipe Teixeira,M,48,Fernandes de Santos,PB,Consumidor Final
338,Nathan da Mata,F,68,Oliveira do Amparo,AP,Oficina
339,Ana Luiza da Mata,F,75,da Luz,AL,Consumidor Final
340,Marina Moraes,M,59,Castro de Monteiro,RJ,Consumidor Final
341,Maria Cecília Barros,M,41,Silva de Minas,RO,Consumidor Final
342,Amanda Nunes,F,29,Aragão de Cardoso,RO,Oficina
343,Caroline Monteiro,F,46,da Luz,SC,Oficina
344,Davi das Neves,M,71,Fernandes das Flores,BA,Oficina
345,Amanda da Rocha,M,27,da Rocha do Sul,RN,Consumidor Final
346,Marcelo Lopes,M,23,Rodrigues de Araújo,CE,Consumidor Final
347,Julia Farias,F,66,Mendes,MG,Consumidor Final
348,Ian Correia,M,71,Peixoto,AM,Oficina
349,João Pedro Rezende,F,52,Azevedo das Pedras,RN,Consumidor Final
350,Samuel Duarte,F,54,Pires,SP,Consumidor Final
351,Lucas Gabriel Silveira,F,37,Ramos do Campo,RO,Oficina
352,Diogo Costa,M,50,Moraes,MA,Consumidor Final
353,Fernanda da Conceição,M,25,da Mota da Mata,PA,Concessionária
354,Enzo Gabriel Martins,F,29,Campos Paulista,BA,Concessionária
355,Luiz Felipe das Neves,M,31,Lopes da Serra,PE,Consumidor Final
356,Ana Vitória Pereira,M,20,Cardoso,PE,Oficina
357,Thiago Vieira,F,30,Moura,GO,Concessionária
358,Daniela Lima,M,71,da Rocha da Serra,SE,Consumidor Final
359,Lucca da Conceição,F,64,Caldeira de Minas,CE,Concessionária
360,Ana Vitória Vieira,M,23,Silveira de Aragão,PI,Oficina
361,Noah Nascimento,F,53,Farias,RJ,Oficina
362,Sarah Pinto,F,51,Freitas,PE,Oficina
363,Bárbara da Rosa,M,68,Castro do Norte,SE,Consumidor Final
364,Maria Vitória Cavalcanti,F,25,Pinto de Gomes,RO,Oficina
365,Guilherme Campos,M,54,Ribeiro,RS,Consumidor Final
366,Bryan Nogueira,M,24,Teixeira,SE,Consumidor Final
367,Melissa Ferreira,M,68,Azevedo das Flores,MS,Oficina
368,Sra. Luiza Oliveira,F,74,Vieira,SE,Oficina
369,Carolina Costa,F,59,Monteiro,SP,Oficina
370,Nathan Barros,F,20,Pinto da Praia,CE,Oficina
371,Lucas Pereira,F,27,Pinto,GO,Consumidor Final
372,Fernanda Cardoso,F,20,Oliveira Grande,BA,Oficina
373,Pedro Henrique Moraes,F,62,Carvalho,RN,Oficina
374,Augusto Rodrigues,F,35,Barros,PE,Consumidor Final
375,Yuri Rezende,M,39,da Luz,PI,Consumidor Final
376,Otávio da Paz,F,37,Cavalcanti da Prata,RR,Oficina
377,João Guilherme Melo,F,72,Pereira de Costela,RN,Consumidor Final
378,Pietra Costela,M,73,Cunha do Galho,DF,Oficina
379,Vitor Hugo Cunha,F,65,Jesus,GO,Oficina
380,Dr. Marcos Vinicius Cunha,F,35,da Rosa Verde,GO,Consumidor Final
381,Emanuella Barros,M,30,Fernandes do Campo,PR,Oficina
382,Mariane Freitas,F,65,Caldeira,TO,Oficina
383,Leandro Aragão,F,70,Carvalho de Lopes,SE,Oficina
384,Maria Luiza Pinto,M,22,da Costa,AC,Oficina
385,Sarah Pires,F,26,Cardoso do Campo,AL,Consumidor Final
386,Eduarda Ramos,M,29,Aragão,MA,Oficina
387,Sr. Igor da Conceição,M,71,Ramos,SP,Oficina
388,Caroline Cardoso,M,47,Melo das Pedras,MS,Oficina
389,Arthur Cardoso,F,63,Oliveira do Norte,RO,Oficina
390,Gustavo Costela,F,70,Moreira de Goiás,AM,Oficina
391,Fernanda das Neves,F,58,Oliveira,RN,Concessionária
392,Thiago Fogaça,M,33,Teixeira da Prata,PI,Oficina
393,Maria Julia Cavalcanti,F,29,Nogueira Paulista,TO,Concessionária
394,Yago Alves,F,55,Ferreira,AM,Consumidor Final
395,Maria Julia Correia,F,28,Silveira de Novaes,MS,Consumidor Final
396,Lucas Sales,F,65,Costela da Mata,PB,Consumidor Final
397,Fernanda das Neves,M,36,Santos,ES,Oficina
398,Dra. Bruna Moraes,M,28,Campos,MA,Consumidor Final
399,Rebeca Moreira,M,72,Pires,PE,Oficina
400,Sr. Caio Rodrigues,M,61,Lima,DF,Oficina
401,Lara Cardoso,F,50,Freitas,RR,Oficina
402,Caio Moraes,M,48,Rodrigues,MG,Concessionária
403,Samuel da Luz,M,56,Melo da Praia,GO,Consumidor Final
404,Letícia Novaes,M,34,Nascimento Grande,PA,Consumidor Final
405,João Miguel Monteiro,F,63,Teixeira,GO,Concessionária
406,Lucas Gabriel da Mota,F,45,Pinto do Galho,PR,Consumidor Final
407,Yuri Novaes,F,47,Campos de Nogueira,PR,Oficina
408,Mariana Pereira,F,37,Viana de Jesus,SC,Consumidor Final
409,Sr. Breno Costa,F,55,Dias do Campo,AC,Oficina
410,Theo Rezende,F,53,Viana,RJ,Consumidor Final
411,Vinicius Costela,F,37,Cunha,SE,Consumidor Final
412,Gustavo da Conceição,F,22,da Rocha Grande,AP,Oficina
413,Dr. Caio Aragão,F,58,Ribeiro dos Dourados,PB,Oficina
414,Srta. Ana Júlia Nogueira,F,34,Alves do Galho,SC,Consumidor Final
415,Thomas Campos,F,30,da Paz,MT,Oficina
416,Mariane Caldeira,M,75,Farias do Galho,MS,Oficina
417,Maria Alice Carvalho,F,60,Farias das Pedras,AL,Oficina
418,Murilo Peixoto,M,64,da Cruz de Minas,RR,Oficina
419,Luiz Fernando Rezende,F,36,Rodrigues da Serra,MT,Oficina
420,Dra. Ana Sophia Moraes,F,43,da Paz do Sul,PI,Oficina
421,Dra. Sabrina Sales,M,55,Porto,DF,Consumidor Final
422,Dra. Brenda Moraes,M,39,Correia do Oeste,DF,Consumidor Final
423,Vitória Azevedo,M,61,da Luz de Peixoto,AM,Consumidor Final
424,Júlia Moraes,F,60,Nogueira do Campo,PA,Oficina
425,Antônio Moura,F,72,Cardoso,PB,Oficina
426,Esther Mendes,M,36,Costa de Gonçalves,DF,Oficina
427,Natália Moraes,M,65,da Mata do Oeste,AP,Oficina
428,Isabella Campos,M,61,Araújo,DF,Consumidor Final
429,Sofia Nunes,M,32,Aragão,ES,Oficina
430,André Costela,F,44,Azevedo,ES,Consumidor Final
431,Dr. Leandro Cardoso,F,41,Azevedo,AC,Oficina
432,Marcelo Barros,F,47,Caldeira das Pedras,PI,Consumidor Final
433,Mirella Silveira,F,21,Moreira de Lima,RJ,Consumidor Final
434,Maria Fernandes,M,48,Sales,AC,Consumidor Final
435,Dra. Heloísa Ferreira,M,73,Freitas de Lima,GO,Consumidor Final
436,Caio Fernandes,F,44,Cardoso,ES,Oficina
437,Júlia Gomes,M,26,Farias de Rezende,SP,Concessionária
438,Thomas da Rosa,F,44,Novaes de Ribeiro,AL,Concessionária
439,Davi Lucas Alves,F,27,Correia do Galho,PA,Oficina
440,Lorenzo Silveira,M,67,Nascimento,SP,Oficina
441,Kevin Moura,F,58,Cardoso,RN,Concessionária
442,Sr. Arthur Silva,F,58,Monteiro,TO,Oficina
443,Isaac Souza,F,35,Araújo de Goiás,MS,Oficina
444,Vitor Gabriel Moura,M,54,Moraes das Flores,SC,Consumidor Final
445,Luana Oliveira,F,68,da Mota Grande,AC,Consumidor Final
446,Giovanna Dias,M,26,das Neves,PR,Consumidor Final
447,Marcela da Paz,F,43,Ramos,ES,Oficina
448,Maria Julia Viana,F,42,Cardoso,BA,Oficina
449,Dra. Luiza Pereira,M,64,Pires da Prata,PR,Oficina
450,Leonardo Fernandes,M,75,Martins,RR,Oficina
451,Davi Lucca Ribeiro,M,19,Pires do Amparo,PE,Consumidor Final
452,Yasmin da Conceição,M,32,Jesus dos Dourados,MS,Consumidor Final
453,Ana Luiza Gomes,F,37,Melo,CE,Oficina
454,Maria Clara da Costa,F,50,Farias,RN,Consumidor Final
455,Davi Luiz Moreira,M,22,Duarte,BA,Consumidor Final
456,Carolina Barbosa,F,36,Fogaça,PB,Oficina
457,Emanuel Oliveira,F,45,Lopes,RN,Consumidor Final
458,Emanuella da Conceição,M,39,Santos da Mata,ES,Concessionária
459,Juan das Neves,F,40,Freitas da Mata,GO,Consumidor Final
460,Agatha Fernandes,M,69,Caldeira do Amparo,MA,Oficina
461,Dr. Pedro Henrique Jesus,M,32,Souza,MT,Consumidor Final
462,Mariane Dias,M,31,Lima,RN,Consumidor Final
463,João Guilherme da Mata,M,25,Costa Alegre,AL,Oficina
464,Melissa Rezende,M,42,Ramos,DF,Consumidor Final
465,Alice Rezende,F,67,Barbosa do Oeste,BA,Consumidor Final
466,Daniel Castro,M,56,Mendes,SP,Concessionária
467,Sr. Yago Gonçalves,M,59,da Luz de Novaes,RR,Consumidor Final
468,Diego da Mata,M,62,Lopes,RJ,Oficina
469,Luiz Otávio Monteiro,F,42,Pinto de Pinto,MT,Oficina
470,Maria Fernanda Ferreira,F,48,da Conceição,RR,Consumidor Final
471,Stella Ferreira,M,62,Lopes,SE,Consumidor Final
472,Kaique Ribeiro,M,37,Caldeira dos Dourados,RN,Oficina
473,Otávio Costela,M,60,Aragão,PB,Consumidor Final
474,Alana da Cunha,M,44,Castro da Praia,RN,Consumidor Final
475,Alexia Barbosa,M,50,Costela,BA,Consumidor Final
476,Beatriz Gomes,M,36,Correia da Mata,PI,Oficina
477,Calebe Pires,M,49,Costela,MA,Oficina
478,João Miguel da Conceição,M,67,Farias da Mata,RO,Oficina
479,Benjamin Dias,M,40,Monteiro da Prata,MS,Consumidor Final
480,Ian da Rocha,F,28,da Rosa,PR,Oficina
481,Lorena da Rocha,F,31,Lima,DF,Consumidor Final
482,Davi Lucas Castro,F,39,Caldeira Verde,AM,Oficina
483,Felipe da Mata,M,60,Carvalho,SC,Oficina
484,Sr. Henrique Lima,M,71,Lopes dos Dourados,TO,Consumidor Final
485,Alana Araújo,F,27,Lopes de da Cunha,GO,Concessionária
486,Vitor Silveira,M,64,da Costa da Praia,RN,Consumidor Final
487,Luana Costa,F,59,Silva,BA,Oficina
488,Srta. Júlia Silveira,F,34,Sales do Oeste,RO,Oficina
489,Cauã Cunha,M,70,Vieira de Goiás,GO,Oficina
490,Emanuelly Vieira,M,72,Cunha,MG,Oficina
491,Srta. Sophie Viana,F,45,das Neves do Oeste,BA,Consumidor Final
492,Marcos Vinicius da Mata,M,72,Gonçalves,AC,Consumidor Final
493,Luiz Felipe Fogaça,M,18,Castro de Carvalho,RN,Consumidor Final
494,Enzo Lima,M,39,Jesus Paulista,ES,Oficina
495,Maysa Vieira,F,57,da Cunha Alegre,PB,Oficina
496,Vitor Duarte,M,41,Carvalho,TO,Consumidor Final
497,Lorenzo Moreira,M,25,Cardoso de da Conceição,PA,Oficina
498,Giovanna Monteiro,F,35,Ramos,TO,Consumidor Final
499,Otávio Jesus,F,69,Alves,PE,Oficina
500,Gustavo Sales,M,25,Nogueira de Souza,PI,Oficina
501,Benjamin da Costa,M,72,das Neves,SE,Oficina
502,Pedro Henrique Cavalcanti,F,55,Barbosa das Flores,MA,Oficina
503,Mirella Pereira,F,29,Nascimento dos Dourados,PI,Consumidor Final
504,Thiago Pinto,F,57,Aragão,SC,Oficina
505,Ana Julia Fernandes,M,48,Almeida do Amparo,RN,Concessionária
506,Maria Alice Barros,M,74,Freitas,BA,Oficina
507,Ana Luiza Barros,M,22,Ferreira do Norte,GO,Oficina
508,Lavínia Lopes,F,18,Castro do Campo,SC,Consumidor Final
509,Stephany Alves,M,60,Rodrigues,MT,Consumidor Final
510,Dr. Davi Luiz Correia,M,45,Aragão do Oeste,MT,Consumidor Final
511,Fernando Campos,M,48,das Neves,DF,Oficina
512,Lara Jesus,F,27,da Cunha Grande,MT,Consumidor Final
513,Sra. Nina Moreira,M,18,da Luz de Moura,CE,Consumidor Final
514,Dra. Emanuella Moraes,M,50,Monteiro do Sul,CE,Consumidor Final
515,Eduardo da Cunha,F,73,Fogaça do Norte,AC,Oficina
516,Sr. Juan Fernandes,F,38,Peixoto do Norte,RJ,Oficina
517,Dra. Esther Jesus,F,21,Aragão,CE,Consumidor Final
518,Marcos Vinicius Pereira,F,43,Pereira,PA,Consumidor Final
519,Stephany da Rocha,M,47,Pereira,AP,Oficina
520,Bianca Araújo,F,23,Costela da Serra,TO,Consumidor Final
521,Dra. Bruna da Rocha,F,38,Costela da Praia,RS,Oficina
522,Sr. Rafael Ramos,F,65,Porto,AL,Consumidor Final
523,Lara da Cunha,M,43,Pereira,RR,Oficina
524,Sra. Isabella Barros,M,70,da Mata da Mata,PB,Oficina
525,Samuel Freitas,F,74,Vieira do Sul,MS,Consumidor Final
526,Sr. Kevin Peixoto,M,59,Cardoso,RJ,Consumidor Final
527,Dra. Eduarda Porto,F,41,Dias das Flores,PB,Consumidor Final
528,Sophia Campos,M,72,Martins,MA,Oficina
529,Larissa Azevedo,F,63,Duarte Grande,MA,Consumidor Final
530,Isabel Vieira,F,25,Ramos de Fernandes,ES,Oficina
531,Gabriela Moura,M,18,Farias,GO,Oficina
532,Enzo Silva,F,53,Melo,RJ,Consumidor Final
533,Sabrina Rodrigues,M,20,Gonçalves,RJ,Consumidor Final
534,Enzo Gabriel Rezende,F,26,da Costa,PI,Consumidor Final
535,Pedro Lucas Peixoto,F,24,Farias,MA,Oficina
536,Sofia Pinto,M,30,Duarte,RJ,Oficina
537,Bruno das Neves,F,31,da Conceição Verde,GO,Oficina
538,Samuel Almeida,M,63,Gomes,DF,Oficina
539,Lucas Pinto,F,20,Campos do Norte,AL,Concessionária
540,Gabrielly Lima,M,67,Melo do Galho,SE,Consumidor Final
541,Lavínia Novaes,F,60,Cardoso de Goiás,AC,Consumidor Final
542,Pedro Miguel da Luz,M,49,Vieira do Norte,RS,Oficina
543,Isabel Caldeira,M,53,Vieira de Cavalcanti,ES,Concessionária
544,Luiz Felipe Rezende,F,50,Costa,PR,Consumidor Final
545,Erick Nascimento,M,62,Rocha,MG,Consumidor Final
546,Ryan Aragão,M,24,da Cruz,SC,Oficina
547,Letícia da Cunha,F,50,Melo,AM,Consumidor Final
548,João Felipe Gomes,F,56,Nogueira,PE,Concessionária
549,Isabel da Luz,M,35,Farias,SC,Oficina
550,Carlos Eduardo Costa,F,36,Azevedo Paulista,MT,Oficina
551,Pedro da Conceição,M,26,Nunes do Oeste,TO,Oficina
552,Stephany da Cunha,F,71,Duarte,RJ,Consumidor Final
553,Dra. Maria Fernanda Silva,F,63,Costa,DF,Consumidor Final
554,Lavínia Cavalcanti,M,30,Rocha,SC,Oficina
555,Nina Araújo,F,61,Fernandes das Pedras,PI,Oficina
556,João Lucas Mendes,M,63,da Mota,AM,Consumidor Final
557,Dra. Ana Beatriz Silveira,M,50,da Mata,ES,Consumidor Final
558,Gabriel Sales,F,63,da Luz Grande,SP,Oficina
559,Luiz Henrique Silveira,F,53,Silveira Grande,RN,Oficina
560,Catarina Pereira,F,61,da Mata de Rocha,CE,Consumidor Final
561,Luiz Fernando Teixeira,F,74,Araújo,SP,Consumidor Final
562,Lorena Rocha,M,51,da Mota,RR,Oficina
563,Srta. Bárbara Freitas,F,27,Monteiro,MT,Oficina
564,Maysa da Paz,M,30,Moraes do Oeste,TO,Oficina
565,Sra. Alícia da Paz,M,36,Jesus dos Dourados,PR,Consumidor Final
566,Sra. Maria Vitória das Neves,M,71,Rezende das Flores,ES,Oficina
567,Joana Almeida,F,31,Campos,PR,Consumidor Final
568,Dr. João Vitor Nunes,M,40,Rezende,ES,Consumidor Final
569,Ana Sophia Costela,M,57,da Cunha Grande,DF,Consumidor Final
570,Sra. Sabrina Mendes,M,65,Cardoso de Caldeira,RR,Consumidor Final
571,Julia Fogaça,F,33,Costa,PB,Consumidor Final
572,Yuri Nogueira,F,62,Vieira de Gomes,MA,Consumidor Final
573,Srta. Maria Eduarda Cardoso,F,42,das Neves de Minas,RJ,Oficina
574,Esther Viana,F,53,Correia das Flores,AM,Oficina
575,João Cunha,F,30,Mendes das Pedras,BA,Consumidor Final
576,Beatriz das Neves,F,71,Fogaça,PB,Oficina
577,Luiza Pinto,F,66,Monteiro,DF,Consumidor Final
578,Caio Nogueira,M,67,Moraes de da Luz,SP,Consumidor Final
579,Dra. Maria Julia Cardoso,M,36,Peixoto da Mata,DF,Oficina
580,Agatha Moreira,M,29,Silveira Grande,RO,Concessionária
581,Sr. Luigi Rocha,M,42,Novaes,MA,Oficina
582,Arthur Pinto,F,53,Lopes,PR,Oficina
583,Maria Alice Viana,M,55,Aragão do Amparo,SC,Consumidor Final
584,Sr. Joaquim Mendes,M,39,Viana de Fogaça,PE,Oficina
585,Alexandre da Luz,M,20,Ribeiro de Cunha,PR,Oficina
586,Yasmin Barros,F,56,Aragão,SC,Oficina
587,Benício Costa,F,49,Almeida,DF,Consumidor Final
588,Ana Carolina Ribeiro,F,22,Costa,MA,Consumidor Final
589,Marcos Vinicius Teixeira,F,51,Nogueira de Moraes,AL,Oficina
590,Agatha Azevedo,M,51,Silva,SP,Oficina
591,Srta. Caroline Pereira,M,44,Castro,SE,Consumidor Final
592,Luiz Gustavo da Luz,F,23,da Cruz,AM,Oficina
593,Eloah Sales,M,60,Moura,RR,Oficina
594,Joana Freitas,F,36,Moraes,GO,Oficina
595,Gabrielly Gomes,F,53,Barbosa de Silva,RR,Consumidor Final
596,Heloísa Castro,M,25,Silveira de Pereira,PI,Consumidor Final
597,Luiza Novaes,F,33,Rezende dos Dourados,GO,Concessionária
598,Maria Vitória Farias,M,20,da Rocha Paulista,CE,Consumidor Final
599,Guilherme Duarte,F,42,Barbosa da Serra,PR,Concessionária
600,João Martins,M,42,Caldeira de das Neves,PA,Oficina
601,Júlia Melo,F,19,Rocha,DF,Concessionária
602,Maria Fogaça,F,50,Duarte,TO,Consumidor Final
603,Emanuelly Oliveira,F,49,Freitas de Moraes,PE,Oficina
604,Sr. Diego da Conceição,M,38,Lopes,PI,Consumidor Final
605,Ana Lívia Novaes,M,28,Viana de Cardoso,PR,Concessionária
606,Olivia Caldeira,M,58,Rezende do Amparo,GO,Oficina
607,Catarina da Costa,M,73,Moreira,PE,Consumidor Final
608,Rodrigo Ribeiro,M,31,Pereira do Sul,TO,Consumidor Final
609,João Felipe Lopes,F,59,Oliveira,MA,Consumidor Final
610,Rafael Melo,M,65,Moreira,DF,Consumidor Final
611,Natália Moreira,M,47,das Neves de Goiás,PA,Consumidor Final
612,Davi Lucca Sales,M,23,Vieira,MG,Oficina
613,Gabriel Nunes,M,68,Rocha Grande,PB,Oficina
614,Emanuel Araújo,M,54,da Conceição Grande,BA,Consumidor Final
615,Sr. Joaquim Costa,F,44,Cunha,CE,Oficina
616,Nathan Silveira,F,45,Lopes,RO,Oficina
617,Maria Julia das Neves,F,61,Rezende Alegre,DF,Oficina
618,Marcos Vinicius Lopes,M,59,Silva de Gonçalves,AP,Consumidor Final
619,Clara da Mata,M,66,Lima do Campo,MA,Consumidor Final
620,Marina Azevedo,M,62,Silva,BA,Consumidor Final
621,Srta. Yasmin Nascimento,F,50,Duarte de Santos,PR,Oficina
622,Luiz Henrique da Costa,F,56,Pereira do Galho,MG,Oficina
623,Miguel Rocha,F,42,da Cruz,RO,Oficina
624,Maria Clara Moraes,M,48,da Cunha,PA,Oficina
625,Srta. Stella Costela,M,26,da Rocha,RR,Consumidor Final
626,Amanda Caldeira,F,58,Santos de Costela,AL,Oficina
627,Melissa Novaes,F,18,Campos,AC,Consumidor Final
628,Kamilly da Rosa,M,25,Santos,MS,Oficina
629,Dr. Cauê Azevedo,F,52,da Costa,MA,Consumidor Final
630,Daniel Almeida,M,37,Pinto,RO,Oficina
631,Ana Julia Teixeira,F,31,da Costa,ES,Oficina
632,Srta. Mariana Oliveira,M,28,Barbosa,AM,Oficina
633,Yago Caldeira,F,30,Pinto,MA,Oficina
634,Francisco Mendes,M,72,Teixeira,CE,Consumidor Final
635,Sra. Daniela Nascimento,F,59,Vieira,MT,Consumidor Final
636,Daniel Souza,F,60,Oliveira do Galho,PR,Oficina
637,Dr. Benício Lima,M,30,Silva,RS,Consumidor Final
638,Ana da Cunha,F,39,Alves,SE,Oficina
639,Stella Cardoso,M,24,da Conceição da Mata,MG,Oficina
640,Eduardo Nogueira,M,75,da Rosa,RO,Oficina
641,Lorena Silva,F,46,Teixeira,MT,Oficina
642,Gabrielly Lopes,F,62,Pires do Sul,ES,Consumidor Final
643,Dra. Lara Santos,F,69,Oliveira da Serra,MA,Oficina
644,Pedro Duarte,F,28,Porto,AM,Oficina
645,Brenda Peixoto,M,68,Ferreira da Prata,MS,Oficina
646,Caroline Barros,F,35,da Rosa,MG,Consumidor Final
647,João Vitor Freitas,M,61,Ferreira de Duarte,MS,Consumidor Final
648,Nicole da Cunha,F,47,Caldeira,TO,Oficina
649,Srta. Caroline Santos,F,49,Moura,ES,Consumidor Final
650,Ian Almeida,M,59,Ribeiro Verde,RN,Consumidor Final
651,Sra. Bárbara Silveira,F,72,da Mota do Sul,RO,Consumidor Final
652,Sofia Martins,M,34,Cardoso,AC,Consumidor Final
653,Ana Carolina Moura,M,64,Peixoto de Lima,MT,Oficina
654,Pedro Lucas Almeida,M,72,Alves,PE,Consumidor Final
655,Isis Gomes,M,70,da Cunha do Norte,DF,Consumidor Final
656,Sra. Natália Cardoso,F,67,Castro de da Rosa,RO,Consumidor Final
657,Isabelly Melo,M,53,da Cunha,SC,Oficina
658,Dr. Paulo da Cunha,F,59,Pinto,RS,Consumidor Final
659,Luiz Henrique Jesus,F,43,Azevedo,PR,Oficina
660,Calebe Dias,F,26,da Rosa,TO,Oficina
661,Anthony Freitas,M,43,Viana,PE,Oficina
662,Ana Lívia Nogueira,M,60,Oliveira das Pedras,BA,Oficina
663,Sra. Sabrina Nunes,M,66,Araújo,BA,Consumidor Final
664,Emanuella Almeida,F,28,Rezende,PB,Oficina
665,Enzo da Conceição,M,65,Dias,RR,Consumidor Final
666,Ana Clara Ribeiro,F,20,Moreira,RJ,Oficina
667,Guilherme Martins,F,32,Sales de Nunes,MA,Oficina
668,Sra. Maitê Nascimento,F,32,Correia,PB,Oficina
669,Srta. Bruna Gonçalves,M,51,Farias,SP,Concessionária
670,Benjamin Costa,F,42,Castro do Galho,MT,Oficina
671,Erick Lima,F,74,Costela de Rezende,RR,Oficina
672,Sra. Sarah Nogueira,F,24,da Luz,PA,Consumidor Final
673,Nina Rezende,F,71,Duarte,AC,Consumidor Final
674,Augusto da Costa,M,42,Monteiro,MS,Consumidor Final
675,Sra. Cecília Moreira,F,55,Silva do Sul,MT,Consumidor Final
676,Bruna Dias,M,51,Souza,PA,Oficina
677,Maria Luiza da Rosa,M,51,da Costa de Cardoso,SP,Oficina
678,Ana Sophia Barbosa,F,49,Moraes da Prata,SC,Consumidor Final
679,Sr. Diogo Castro,M,50,Fogaça,PA,Consumidor Final
680,Dra. Marcela Alves,F,28,Gomes,PB,Oficina
681,Pedro Henrique Moura,F,31,Ferreira,SC,Oficina
682,Dr. Rodrigo Gomes,M,41,Azevedo,ES,Consumidor Final
683,Larissa da Costa,M,60,Freitas,RS,Oficina
684,Sr. Ryan Dias,F,64,Lopes do Campo,SE,Oficina
685,Calebe Novaes,F,48,da Cruz,AP,Oficina
686,Daniel Silveira,M,59,Barros,GO,Consumidor Final
687,Dr. Theo Teixeira,M,33,Jesus,AC,Oficina
688,Lucas Cunha,M,26,Melo,RS,Consumidor Final
689,Letícia Rocha,M,75,Nunes,PB,Consumidor Final
690,Sarah Rodrigues,M,28,Moreira,BA,Oficina
691,Ana Clara da Mata,M,51,Nogueira,AL,Concessionária
692,Felipe Nascimento,M,74,Novaes,RS,Consumidor Final
693,Lucas Moraes,F,23,da Rosa de Lima,PA,Oficina
694,Daniela Rodrigues,F,73,das Neves do Sul,PA,Oficina
695,Francisco da Conceição,M,71,da Rosa,CE,Oficina
696,Sr. Renan Fogaça,M,68,Alves de Vieira,MG,Consumidor Final
697,Nina Cardoso,M,57,da Cunha Alegre,DF,Consumidor Final
698,Valentina da Rocha,F,28,das Neves,PR,Consumidor Final
699,Vitor Cardoso,F,47,da Rosa,ES,Consumidor Final
700,Alexandre das Neves,M,32,Azevedo do Galho,AC,Oficina
701,Lorenzo Cardoso,M,24,Nascimento da Prata,CE,Oficina
702,Ana Luiza Campos,F,70,Freitas Grande,PR,Oficina
703,Leandro Duarte,M,29,da Luz,PI,Oficina
704,Matheus Fernandes,M,74,Fogaça de Goiás,MA,Consumidor Final
705,Pedro Lucas Alves,M,23,da Cruz do Sul,MA,Oficina
706,Luiz Fernando Rocha,M,75,da Cruz,CE,Consumidor Final
707,Daniel da Cruz,M,75,da Cruz,TO,Concessionária
708,Arthur Monteiro,F,51,Santos,AP,Oficina
709,Maria Fernanda Aragão,M,62,Sales,RS,Consumidor Final
710,Isabel Vieira,M,69,Duarte,ES,Oficina
711,Pedro Campos,F,40,da Rosa das Flores,PA,Consumidor Final
712,Sra. Manuela Castro,M,45,Duarte Verde,PI,Oficina
713,Marina Rodrigues,F,67,Fernandes de Campos,PR,Oficina
714,Clara Gonçalves,M,36,Ferreira,SE,Consumidor Final
715,Juan da Mata,F,34,Santos,AL,Oficina
716,Marcos Vinicius Souza,M,54,da Conceição de Mendes,TO,Consumidor Final
717,Erick Monteiro,M,42,Silva do Oeste,BA,Consumidor Final
718,Marcelo Barbosa,F,44,da Costa das Pedras,RS,Oficina
719,Maria Fernanda Ferreira,M,45,Monteiro,PB,Consumidor Final
720,Natália Aragão,F,34,da Costa Verde,SC,Consumidor Final
721,Nathan Monteiro,F,54,Rocha,TO,Oficina
722,Evelyn da Rosa,F,61,Campos,RR,Oficina
723,Lucas Nunes,M,44,da Mata de Rodrigues,MA,Consumidor Final
724,Vicente Santos,F,29,Moraes,RO,Oficina
725,Ana Sophia Cavalcanti,F,34,Fogaça do Sul,AM,Concessionária
726,Natália Barros,F,67,Costela,MT,Consumidor Final
727,Agatha Teixeira,M,72,Lopes das Pedras,SC,Consumidor Final
728,Guilherme da Cunha,M,65,Costela,PE,Oficina
729,Dr. Rodrigo Campos,M,24,Almeida dos Dourados,PA,Oficina
730,Lorena Vieira,F,68,Barros de Novaes,PA,Oficina
731,Alexandre da Costa,M,28,Moreira do Sul,RR,Oficina
732,Srta. Cecília Silva,M,69,Souza,RN,Oficina
733,Dr. Eduardo Ribeiro,M,48,Farias Paulista,MA,Concessionária
734,Isaac Teixeira,F,23,Viana,MA,Oficina
735,Lucas Castro,M,41,da Costa,BA,Oficina
736,Lucca Araújo,M,64,das Neves dos Dourados,PB,Oficina
737,Manuela Lopes,F,57,Almeida Paulista,RN,Consumidor Final
738,Maria Cecília Rodrigues,F,63,Cavalcanti,SE,Concessionária
739,Gabriela Rodrigues,M,67,Sales do Galho,MS,Consumidor Final
740,João Miguel Souza,F,46,Martins de Santos,PB,Oficina
741,Emanuelly Vieira,F,30,Mendes,SC,Oficina
742,Enrico Barbosa,M,57,Rocha Grande,RR,Oficina
743,Mariana Souza,M,41,Lima,AM,Oficina
744,Lorena da Luz,M,28,Cardoso,RS,Oficina
745,Igor Rezende,F,67,Jesus dos Dourados,AP,Oficina
746,Dr. Luiz Fernando Mendes,F,43,Carvalho,RO,Consumidor Final
747,Ana Luiza Costa,M,65,Pinto,SE,Consumidor Final
748,Marina Araújo,M,53,Gomes da Mata,RN,Oficina
749,Sra. Ana Júlia Rodrigues,F,40,Rodrigues Verde,PB,Concessionária
750,Daniela Mendes,F,32,Duarte de Minas,PI,Consumidor Final
751,Ana Clara da Cunha,M,47,da Mata das Pedras,MT,Concessionária
752,Paulo Ramos,M,34,Mendes,CE,Oficina
753,Augusto Moraes,M,53,Novaes de Almeida,TO,Oficina
754,Sr. Davi Gomes,F,39,Pereira,RN,Concessionária
755,Mirella Dias,F,74,Duarte,SE,Consumidor Final
756,Sr. Heitor da Rosa,F,62,Fogaça do Galho,AC,Oficina
757,Gabrielly Cunha,F,54,Costela,AP,Oficina
758,Sofia Rodrigues,M,66,da Cruz,MG,Oficina
759,Ryan Cardoso,F,61,Aragão,RO,Oficina
760,Enzo Fogaça,M,48,Carvalho,RJ,Oficina
761,Valentina Jesus,M,42,Viana de Cardoso,SE,Consumidor Final
762,Ana Luiza Costela,M,61,Gomes do Oeste,RR,Consumidor Final
763,Paulo Silveira,F,44,da Rosa,AM,Concessionária
764,Vitória Sales,M,62,Almeida,AM,Consumidor Final
765,Maria Vitória da Conceição,M,36,Barbosa,AC,Oficina
766,Alícia Melo,F,22,das Neves,PA,Consumidor Final
767,Daniel Santos,M,48,Vieira do Campo,AC,Oficina
768,Heitor Vieira,M,75,Moura,PA,Consumidor Final
769,Sr. Francisco Sales,M,65,Jesus do Galho,RO,Consumidor Final
770,Sra. Laís Ribeiro,M,49,Carvalho,MS,Consumidor Final
771,Natália Vieira,M,65,da Rosa do Amparo,SE,Oficina
772,Sra. Emanuelly Caldeira,F,31,Vieira,MA,Oficina
773,Maria Sophia Vieira,M,71,Ramos,AC,Consumidor Final
774,Pietra Monteiro,M,67,Duarte,RN,Oficina
775,Fernanda Gonçalves,M,61,Lima,TO,Concessionária
776,Dra. Rafaela da Luz,F,57,da Luz,AC,Oficina
777,Srta. Ana Laura Alves,M,72,Lopes de Sales,CE,Oficina
778,Caio da Rosa,F,49,Aragão de Moreira,AM,Consumidor Final
779,Brenda Fogaça,F,49,Oliveira,RN,Oficina
780,Ana Clara Jesus,F,43,Rodrigues,SC,Oficina
781,Dr. Pedro Henrique Aragão,M,21,Ramos de Moura,RJ,Consumidor Final
782,Sr. Rafael Duarte,F,48,Santos,DF,Concessionária
783,Marina Santos,M,50,da Cunha do Campo,TO,Oficina
784,Maria Eduarda Duarte,M,47,Vieira,AP,Concessionária
785,Milena Campos,F,38,Moraes,BA,Consumidor Final
786,Ana Júlia Cardoso,M,61,Santos Grande,TO,Oficina
787,Mariane Moura,M,38,da Mota das Pedras,RO,Oficina
788,Thales Silva,F,29,Souza,RJ,Consumidor Final
789,Maria Clara da Cunha,M,35,Azevedo,RS,Oficina
790,Manuela Azevedo,F,41,Almeida,AC,Oficina
791,Maria Fernanda Correia,F,31,da Mata,RS,Oficina
792,Benício Porto,F,41,Monteiro dos Dourados,MT,Consumidor Final
793,Cauã da Conceição,F,46,Ferreira,TO,Oficina
794,Dr. Antônio Pinto,M,54,Martins de Correia,PR,Consumidor Final
795,Rodrigo Costa,M,64,Fernandes,ES,Oficina
796,Maysa da Conceição,M,53,Rezende,RO,Oficina
797,João Gonçalves,F,30,da Rocha do Norte,PR,Oficina
798,Maysa Melo,M,48,Santos dos Dourados,RJ,Consumidor Final
799,Enzo Gabriel Lopes,M,44,Duarte do Campo,PB,Oficina
800,Lucca Rodrigues,F,68,Teixeira,GO,Oficina
